,Image Index,Finding Labels
0,aug_images_0/Cardiomegaly0.png,Cardiomegaly
1,aug_images_0/Cardiomegaly1.png,Cardiomegaly
2,aug_images_0/Cardiomegaly2.png,Cardiomegaly
3,aug_images_0/Cardiomegaly3.png,Cardiomegaly
4,aug_images_0/Cardiomegaly4.png,Cardiomegaly
5,aug_images_0/Cardiomegaly5.png,Cardiomegaly
6,aug_images_0/Cardiomegaly6.png,Cardiomegaly
7,aug_images_0/Cardiomegaly8.png,Cardiomegaly
8,aug_images_0/Cardiomegaly9.png,Cardiomegaly
9,aug_images_0/Cardiomegaly15.png,Cardiomegaly
10,aug_images_0/Cardiomegaly16.png,Cardiomegaly
11,aug_images_0/Cardiomegaly17.png,Cardiomegaly
12,aug_images_0/Cardiomegaly18.png,Cardiomegaly
13,aug_images_0/Cardiomegaly20.png,Cardiomegaly
14,aug_images_0/Cardiomegaly21.png,Cardiomegaly
15,aug_images_0/Cardiomegaly22.png,Cardiomegaly
16,aug_images_0/Cardiomegaly23.png,Cardiomegaly
17,aug_images_0/Cardiomegaly24.png,Cardiomegaly
18,aug_images_0/Cardiomegaly25.png,Cardiomegaly
19,aug_images_0/Cardiomegaly26.png,Cardiomegaly
20,aug_images_0/Cardiomegaly27.png,Cardiomegaly
21,aug_images_0/Cardiomegaly28.png,Cardiomegaly
22,aug_images_0/Cardiomegaly29.png,Cardiomegaly
23,aug_images_0/Cardiomegaly30.png,Cardiomegaly
24,aug_images_0/Cardiomegaly31.png,Cardiomegaly
25,aug_images_0/Cardiomegaly32.png,Cardiomegaly
26,aug_images_0/Cardiomegaly33.png,Cardiomegaly
27,aug_images_0/Cardiomegaly34.png,Cardiomegaly
28,aug_images_0/Cardiomegaly35.png,Cardiomegaly
29,aug_images_0/Cardiomegaly36.png,Cardiomegaly
30,aug_images_0/Cardiomegaly38.png,Cardiomegaly
31,aug_images_0/Cardiomegaly39.png,Cardiomegaly
32,aug_images_0/Cardiomegaly40.png,Cardiomegaly
33,aug_images_0/Cardiomegaly41.png,Cardiomegaly
34,aug_images_0/Cardiomegaly42.png,Cardiomegaly
35,aug_images_0/Cardiomegaly43.png,Cardiomegaly
36,aug_images_0/Cardiomegaly44.png,Cardiomegaly
37,aug_images_0/Cardiomegaly45.png,Cardiomegaly
38,aug_images_0/Cardiomegaly46.png,Cardiomegaly
39,aug_images_0/Cardiomegaly47.png,Cardiomegaly
40,aug_images_0/Cardiomegaly48.png,Cardiomegaly
41,aug_images_0/Cardiomegaly49.png,Cardiomegaly
42,aug_images_0/Cardiomegaly50.png,Cardiomegaly
43,aug_images_0/Cardiomegaly51.png,Cardiomegaly
44,aug_images_0/Cardiomegaly52.png,Cardiomegaly
45,aug_images_0/Cardiomegaly53.png,Cardiomegaly
46,aug_images_0/Cardiomegaly54.png,Cardiomegaly
47,aug_images_0/Cardiomegaly55.png,Cardiomegaly
48,aug_images_0/Cardiomegaly56.png,Cardiomegaly
49,aug_images_0/Cardiomegaly57.png,Cardiomegaly
50,aug_images_0/Cardiomegaly58.png,Cardiomegaly
51,aug_images_0/Cardiomegaly59.png,Cardiomegaly
52,aug_images_0/Cardiomegaly62.png,Cardiomegaly
53,aug_images_0/Cardiomegaly64.png,Cardiomegaly
54,aug_images_0/Cardiomegaly65.png,Cardiomegaly
55,aug_images_0/Cardiomegaly67.png,Cardiomegaly
56,aug_images_0/Cardiomegaly68.png,Cardiomegaly
57,aug_images_0/Cardiomegaly69.png,Cardiomegaly
58,aug_images_0/Cardiomegaly70.png,Cardiomegaly
59,aug_images_0/Cardiomegaly71.png,Cardiomegaly
60,aug_images_0/Cardiomegaly72.png,Cardiomegaly
61,aug_images_0/Cardiomegaly73.png,Cardiomegaly
62,aug_images_0/Cardiomegaly74.png,Cardiomegaly
63,aug_images_0/Cardiomegaly75.png,Cardiomegaly
64,aug_images_0/Cardiomegaly76.png,Cardiomegaly
65,aug_images_0/Cardiomegaly78.png,Cardiomegaly
66,aug_images_0/Cardiomegaly79.png,Cardiomegaly
67,aug_images_0/Cardiomegaly80.png,Cardiomegaly
68,aug_images_0/Cardiomegaly81.png,Cardiomegaly
69,aug_images_0/Cardiomegaly82.png,Cardiomegaly
70,aug_images_0/Cardiomegaly83.png,Cardiomegaly
71,aug_images_0/Cardiomegaly84.png,Cardiomegaly
72,aug_images_0/Cardiomegaly87.png,Cardiomegaly
73,aug_images_0/Cardiomegaly88.png,Cardiomegaly
74,aug_images_0/Cardiomegaly89.png,Cardiomegaly
75,aug_images_0/Cardiomegaly90.png,Cardiomegaly
76,aug_images_0/Cardiomegaly91.png,Cardiomegaly
77,aug_images_0/Cardiomegaly92.png,Cardiomegaly
78,aug_images_0/Cardiomegaly93.png,Cardiomegaly
79,aug_images_0/Cardiomegaly94.png,Cardiomegaly
80,aug_images_0/Cardiomegaly95.png,Cardiomegaly
81,aug_images_0/Cardiomegaly97.png,Cardiomegaly
82,aug_images_0/Cardiomegaly98.png,Cardiomegaly
83,aug_images_0/Cardiomegaly99.png,Cardiomegaly
84,aug_images_0/Cardiomegaly100.png,Cardiomegaly
85,aug_images_0/Cardiomegaly101.png,Cardiomegaly
86,aug_images_0/Cardiomegaly102.png,Cardiomegaly
87,aug_images_0/Cardiomegaly103.png,Cardiomegaly
88,aug_images_0/Cardiomegaly104.png,Cardiomegaly
89,aug_images_0/Cardiomegaly105.png,Cardiomegaly
90,aug_images_0/Cardiomegaly106.png,Cardiomegaly
91,aug_images_0/Cardiomegaly107.png,Cardiomegaly
92,aug_images_0/Cardiomegaly108.png,Cardiomegaly
93,aug_images_0/Cardiomegaly109.png,Cardiomegaly
94,aug_images_0/Cardiomegaly110.png,Cardiomegaly
95,aug_images_0/Cardiomegaly111.png,Cardiomegaly
96,aug_images_0/Cardiomegaly112.png,Cardiomegaly
97,aug_images_0/Cardiomegaly113.png,Cardiomegaly
98,aug_images_0/Cardiomegaly114.png,Cardiomegaly
99,aug_images_0/Cardiomegaly115.png,Cardiomegaly
100,aug_images_0/Cardiomegaly116.png,Cardiomegaly
101,aug_images_0/Cardiomegaly117.png,Cardiomegaly
102,aug_images_0/Cardiomegaly120.png,Cardiomegaly
103,aug_images_0/Cardiomegaly121.png,Cardiomegaly
104,aug_images_0/Cardiomegaly122.png,Cardiomegaly
105,aug_images_0/Cardiomegaly123.png,Cardiomegaly
106,aug_images_0/Cardiomegaly124.png,Cardiomegaly
107,aug_images_0/Cardiomegaly125.png,Cardiomegaly
108,aug_images_0/Cardiomegaly126.png,Cardiomegaly
109,aug_images_0/Cardiomegaly127.png,Cardiomegaly
110,aug_images_0/Cardiomegaly128.png,Cardiomegaly
111,aug_images_0/Cardiomegaly129.png,Cardiomegaly
112,aug_images_0/Cardiomegaly130.png,Cardiomegaly
113,aug_images_0/Cardiomegaly131.png,Cardiomegaly
114,aug_images_0/Cardiomegaly133.png,Cardiomegaly
115,aug_images_0/Cardiomegaly134.png,Cardiomegaly
116,aug_images_0/Cardiomegaly137.png,Cardiomegaly
117,aug_images_0/Cardiomegaly138.png,Cardiomegaly
118,aug_images_0/Cardiomegaly139.png,Cardiomegaly
119,aug_images_0/Cardiomegaly140.png,Cardiomegaly
120,aug_images_0/Cardiomegaly141.png,Cardiomegaly
121,aug_images_0/Cardiomegaly142.png,Cardiomegaly
122,aug_images_0/Cardiomegaly143.png,Cardiomegaly
123,aug_images_0/Cardiomegaly144.png,Cardiomegaly
124,aug_images_0/Cardiomegaly145.png,Cardiomegaly
125,aug_images_0/Cardiomegaly146.png,Cardiomegaly
126,aug_images_0/Cardiomegaly148.png,Cardiomegaly
127,aug_images_0/Cardiomegaly149.png,Cardiomegaly
128,aug_images_0/Cardiomegaly151.png,Cardiomegaly
129,aug_images_0/Cardiomegaly152.png,Cardiomegaly
130,aug_images_0/Cardiomegaly153.png,Cardiomegaly
131,aug_images_0/Cardiomegaly154.png,Cardiomegaly
132,aug_images_0/Cardiomegaly155.png,Cardiomegaly
133,aug_images_0/Cardiomegaly156.png,Cardiomegaly
134,aug_images_0/Cardiomegaly157.png,Cardiomegaly
135,aug_images_0/Cardiomegaly158.png,Cardiomegaly
136,aug_images_0/Cardiomegaly159.png,Cardiomegaly
137,aug_images_0/Cardiomegaly161.png,Cardiomegaly
138,aug_images_0/Cardiomegaly162.png,Cardiomegaly
139,aug_images_0/Cardiomegaly163.png,Cardiomegaly
140,aug_images_0/Cardiomegaly164.png,Cardiomegaly
141,aug_images_0/Cardiomegaly165.png,Cardiomegaly
142,aug_images_0/Cardiomegaly166.png,Cardiomegaly
143,aug_images_0/Cardiomegaly167.png,Cardiomegaly
144,aug_images_0/Cardiomegaly168.png,Cardiomegaly
145,aug_images_0/Cardiomegaly169.png,Cardiomegaly
146,aug_images_0/Cardiomegaly170.png,Cardiomegaly
147,aug_images_0/Cardiomegaly171.png,Cardiomegaly
148,aug_images_0/Cardiomegaly172.png,Cardiomegaly
149,aug_images_0/Cardiomegaly174.png,Cardiomegaly
150,aug_images_0/Cardiomegaly175.png,Cardiomegaly
151,aug_images_0/Cardiomegaly176.png,Cardiomegaly
152,aug_images_0/Cardiomegaly179.png,Cardiomegaly
153,aug_images_0/Cardiomegaly181.png,Cardiomegaly
154,aug_images_0/Cardiomegaly182.png,Cardiomegaly
155,aug_images_0/Cardiomegaly183.png,Cardiomegaly
156,aug_images_0/Cardiomegaly184.png,Cardiomegaly
157,aug_images_0/Cardiomegaly186.png,Cardiomegaly
158,aug_images_0/Cardiomegaly187.png,Cardiomegaly
159,aug_images_0/Cardiomegaly188.png,Cardiomegaly
160,aug_images_0/Cardiomegaly189.png,Cardiomegaly
161,aug_images_0/Cardiomegaly190.png,Cardiomegaly
162,aug_images_0/Cardiomegaly191.png,Cardiomegaly
163,aug_images_0/Cardiomegaly192.png,Cardiomegaly
164,aug_images_0/Cardiomegaly193.png,Cardiomegaly
165,aug_images_0/Cardiomegaly194.png,Cardiomegaly
166,aug_images_0/Cardiomegaly195.png,Cardiomegaly
167,aug_images_0/Cardiomegaly196.png,Cardiomegaly
168,aug_images_0/Cardiomegaly197.png,Cardiomegaly
169,aug_images_0/Cardiomegaly198.png,Cardiomegaly
170,aug_images_0/Cardiomegaly199.png,Cardiomegaly
171,aug_images_0/Cardiomegaly200.png,Cardiomegaly
172,aug_images_0/Cardiomegaly202.png,Cardiomegaly
173,aug_images_0/Cardiomegaly204.png,Cardiomegaly
174,aug_images_0/Cardiomegaly205.png,Cardiomegaly
175,aug_images_0/Cardiomegaly206.png,Cardiomegaly
176,aug_images_0/Cardiomegaly207.png,Cardiomegaly
177,aug_images_0/Cardiomegaly209.png,Cardiomegaly
178,aug_images_0/Cardiomegaly210.png,Cardiomegaly
179,aug_images_0/Cardiomegaly211.png,Cardiomegaly
180,aug_images_0/Cardiomegaly212.png,Cardiomegaly
181,aug_images_0/Cardiomegaly213.png,Cardiomegaly
182,aug_images_0/Cardiomegaly214.png,Cardiomegaly
183,aug_images_0/Cardiomegaly215.png,Cardiomegaly
184,aug_images_0/Cardiomegaly216.png,Cardiomegaly
185,aug_images_0/Cardiomegaly217.png,Cardiomegaly
186,aug_images_0/Cardiomegaly218.png,Cardiomegaly
187,aug_images_0/Cardiomegaly219.png,Cardiomegaly
188,aug_images_0/Cardiomegaly220.png,Cardiomegaly
189,aug_images_0/Cardiomegaly221.png,Cardiomegaly
190,aug_images_0/Cardiomegaly223.png,Cardiomegaly
191,aug_images_0/Cardiomegaly224.png,Cardiomegaly
192,aug_images_0/Cardiomegaly225.png,Cardiomegaly
193,aug_images_0/Cardiomegaly226.png,Cardiomegaly
194,aug_images_0/Cardiomegaly228.png,Cardiomegaly
195,aug_images_0/Cardiomegaly229.png,Cardiomegaly
196,aug_images_0/Cardiomegaly232.png,Cardiomegaly
197,aug_images_0/Cardiomegaly233.png,Cardiomegaly
198,aug_images_0/Cardiomegaly234.png,Cardiomegaly
199,aug_images_0/Cardiomegaly235.png,Cardiomegaly
200,aug_images_0/Cardiomegaly236.png,Cardiomegaly
201,aug_images_0/Cardiomegaly237.png,Cardiomegaly
202,aug_images_0/Cardiomegaly238.png,Cardiomegaly
203,aug_images_0/Cardiomegaly239.png,Cardiomegaly
204,aug_images_0/Cardiomegaly240.png,Cardiomegaly
205,aug_images_0/Cardiomegaly241.png,Cardiomegaly
206,aug_images_0/Cardiomegaly242.png,Cardiomegaly
207,aug_images_0/Cardiomegaly243.png,Cardiomegaly
208,aug_images_0/Cardiomegaly244.png,Cardiomegaly
209,aug_images_0/Cardiomegaly245.png,Cardiomegaly
210,aug_images_0/Cardiomegaly246.png,Cardiomegaly
211,aug_images_0/Cardiomegaly247.png,Cardiomegaly
212,aug_images_0/Cardiomegaly248.png,Cardiomegaly
213,aug_images_0/Cardiomegaly249.png,Cardiomegaly
214,aug_images_0/Cardiomegaly250.png,Cardiomegaly
215,aug_images_0/Cardiomegaly251.png,Cardiomegaly
216,aug_images_0/Cardiomegaly252.png,Cardiomegaly
217,aug_images_0/Cardiomegaly253.png,Cardiomegaly
218,aug_images_0/Cardiomegaly255.png,Cardiomegaly
219,aug_images_0/Cardiomegaly256.png,Cardiomegaly
220,aug_images_0/Cardiomegaly257.png,Cardiomegaly
221,aug_images_0/Cardiomegaly258.png,Cardiomegaly
222,aug_images_0/Cardiomegaly259.png,Cardiomegaly
223,aug_images_0/Cardiomegaly260.png,Cardiomegaly
224,aug_images_0/Cardiomegaly261.png,Cardiomegaly
225,aug_images_0/Cardiomegaly262.png,Cardiomegaly
226,aug_images_0/Cardiomegaly263.png,Cardiomegaly
227,aug_images_0/Cardiomegaly264.png,Cardiomegaly
228,aug_images_0/Cardiomegaly265.png,Cardiomegaly
229,aug_images_0/Cardiomegaly266.png,Cardiomegaly
230,aug_images_0/Cardiomegaly267.png,Cardiomegaly
231,aug_images_0/Cardiomegaly269.png,Cardiomegaly
232,aug_images_0/Cardiomegaly270.png,Cardiomegaly
233,aug_images_0/Cardiomegaly271.png,Cardiomegaly
234,aug_images_0/Cardiomegaly272.png,Cardiomegaly
235,aug_images_0/Cardiomegaly273.png,Cardiomegaly
236,aug_images_0/Cardiomegaly274.png,Cardiomegaly
237,aug_images_0/Cardiomegaly275.png,Cardiomegaly
238,aug_images_0/Cardiomegaly276.png,Cardiomegaly
239,aug_images_0/Cardiomegaly277.png,Cardiomegaly
240,aug_images_0/Cardiomegaly278.png,Cardiomegaly
241,aug_images_0/Cardiomegaly279.png,Cardiomegaly
242,aug_images_0/Cardiomegaly280.png,Cardiomegaly
243,aug_images_0/Cardiomegaly281.png,Cardiomegaly
244,aug_images_0/Cardiomegaly282.png,Cardiomegaly
245,aug_images_0/Cardiomegaly283.png,Cardiomegaly
246,aug_images_0/Cardiomegaly284.png,Cardiomegaly
247,aug_images_0/Cardiomegaly285.png,Cardiomegaly
248,aug_images_0/Cardiomegaly286.png,Cardiomegaly
249,aug_images_0/Cardiomegaly287.png,Cardiomegaly
250,aug_images_0/Cardiomegaly288.png,Cardiomegaly
251,aug_images_0/Cardiomegaly289.png,Cardiomegaly
252,aug_images_0/Cardiomegaly290.png,Cardiomegaly
253,aug_images_0/Cardiomegaly291.png,Cardiomegaly
254,aug_images_0/Cardiomegaly292.png,Cardiomegaly
255,aug_images_0/Cardiomegaly293.png,Cardiomegaly
256,aug_images_0/Cardiomegaly294.png,Cardiomegaly
257,aug_images_0/Cardiomegaly296.png,Cardiomegaly
258,aug_images_0/Cardiomegaly297.png,Cardiomegaly
259,aug_images_0/Cardiomegaly298.png,Cardiomegaly
260,aug_images_0/Cardiomegaly299.png,Cardiomegaly
261,aug_images_0/Cardiomegaly300.png,Cardiomegaly
262,aug_images_0/Cardiomegaly301.png,Cardiomegaly
263,aug_images_0/Cardiomegaly302.png,Cardiomegaly
264,aug_images_0/Cardiomegaly303.png,Cardiomegaly
265,aug_images_0/Cardiomegaly304.png,Cardiomegaly
266,aug_images_0/Cardiomegaly305.png,Cardiomegaly
267,aug_images_0/Cardiomegaly306.png,Cardiomegaly
268,aug_images_0/Cardiomegaly307.png,Cardiomegaly
269,aug_images_0/Cardiomegaly309.png,Cardiomegaly
270,aug_images_0/Cardiomegaly310.png,Cardiomegaly
271,aug_images_0/Cardiomegaly311.png,Cardiomegaly
272,aug_images_0/Cardiomegaly312.png,Cardiomegaly
273,aug_images_0/Cardiomegaly313.png,Cardiomegaly
274,aug_images_0/Cardiomegaly314.png,Cardiomegaly
275,aug_images_0/Cardiomegaly315.png,Cardiomegaly
276,aug_images_0/Cardiomegaly316.png,Cardiomegaly
277,aug_images_0/Cardiomegaly317.png,Cardiomegaly
278,aug_images_0/Cardiomegaly318.png,Cardiomegaly
279,aug_images_0/Cardiomegaly320.png,Cardiomegaly
280,aug_images_0/Cardiomegaly321.png,Cardiomegaly
281,aug_images_0/Cardiomegaly322.png,Cardiomegaly
282,aug_images_0/Cardiomegaly325.png,Cardiomegaly
283,aug_images_0/Cardiomegaly326.png,Cardiomegaly
284,aug_images_0/Cardiomegaly327.png,Cardiomegaly
285,aug_images_0/Cardiomegaly328.png,Cardiomegaly
286,aug_images_0/Cardiomegaly331.png,Cardiomegaly
287,aug_images_0/Cardiomegaly332.png,Cardiomegaly
288,aug_images_0/Cardiomegaly333.png,Cardiomegaly
289,aug_images_0/Cardiomegaly334.png,Cardiomegaly
290,aug_images_0/Cardiomegaly337.png,Cardiomegaly
291,aug_images_0/Cardiomegaly338.png,Cardiomegaly
292,aug_images_0/Cardiomegaly340.png,Cardiomegaly
293,aug_images_0/Cardiomegaly341.png,Cardiomegaly
294,aug_images_0/Cardiomegaly342.png,Cardiomegaly
295,aug_images_0/Cardiomegaly343.png,Cardiomegaly
296,aug_images_0/Cardiomegaly344.png,Cardiomegaly
297,aug_images_0/Cardiomegaly345.png,Cardiomegaly
298,aug_images_0/Cardiomegaly346.png,Cardiomegaly
299,aug_images_0/Cardiomegaly348.png,Cardiomegaly
300,aug_images_0/Cardiomegaly349.png,Cardiomegaly
301,aug_images_0/Cardiomegaly350.png,Cardiomegaly
302,aug_images_0/Cardiomegaly351.png,Cardiomegaly
303,aug_images_0/Cardiomegaly352.png,Cardiomegaly
304,aug_images_0/Cardiomegaly353.png,Cardiomegaly
305,aug_images_0/Cardiomegaly354.png,Cardiomegaly
306,aug_images_0/Cardiomegaly355.png,Cardiomegaly
307,aug_images_0/Cardiomegaly356.png,Cardiomegaly
308,aug_images_0/Cardiomegaly357.png,Cardiomegaly
309,aug_images_0/Cardiomegaly359.png,Cardiomegaly
310,aug_images_0/Cardiomegaly362.png,Cardiomegaly
311,aug_images_0/Cardiomegaly365.png,Cardiomegaly
312,aug_images_0/Cardiomegaly367.png,Cardiomegaly
313,aug_images_0/Cardiomegaly368.png,Cardiomegaly
314,aug_images_0/Cardiomegaly370.png,Cardiomegaly
315,aug_images_0/Cardiomegaly371.png,Cardiomegaly
316,aug_images_0/Cardiomegaly375.png,Cardiomegaly
317,aug_images_0/Cardiomegaly376.png,Cardiomegaly
318,aug_images_0/Cardiomegaly377.png,Cardiomegaly
319,aug_images_0/Cardiomegaly378.png,Cardiomegaly
320,aug_images_0/Cardiomegaly379.png,Cardiomegaly
321,aug_images_0/Cardiomegaly380.png,Cardiomegaly
322,aug_images_0/Cardiomegaly383.png,Cardiomegaly
323,aug_images_0/Cardiomegaly384.png,Cardiomegaly
324,aug_images_0/Cardiomegaly385.png,Cardiomegaly
325,aug_images_0/Cardiomegaly386.png,Cardiomegaly
326,aug_images_0/Cardiomegaly387.png,Cardiomegaly
327,aug_images_0/Cardiomegaly389.png,Cardiomegaly
328,aug_images_0/Cardiomegaly390.png,Cardiomegaly
329,aug_images_0/Cardiomegaly391.png,Cardiomegaly
330,aug_images_0/Cardiomegaly392.png,Cardiomegaly
331,aug_images_0/Cardiomegaly393.png,Cardiomegaly
332,aug_images_0/Cardiomegaly394.png,Cardiomegaly
333,aug_images_0/Cardiomegaly395.png,Cardiomegaly
334,aug_images_0/Cardiomegaly396.png,Cardiomegaly
335,aug_images_0/Cardiomegaly397.png,Cardiomegaly
336,aug_images_0/Cardiomegaly398.png,Cardiomegaly
337,aug_images_0/Cardiomegaly399.png,Cardiomegaly
338,aug_images_0/Cardiomegaly401.png,Cardiomegaly
339,aug_images_0/Cardiomegaly402.png,Cardiomegaly
340,aug_images_0/Cardiomegaly403.png,Cardiomegaly
341,aug_images_0/Cardiomegaly406.png,Cardiomegaly
342,aug_images_0/Cardiomegaly407.png,Cardiomegaly
343,aug_images_0/Cardiomegaly409.png,Cardiomegaly
344,aug_images_0/Cardiomegaly410.png,Cardiomegaly
345,aug_images_0/Cardiomegaly411.png,Cardiomegaly
346,aug_images_0/Cardiomegaly412.png,Cardiomegaly
347,aug_images_0/Cardiomegaly413.png,Cardiomegaly
348,aug_images_0/Cardiomegaly414.png,Cardiomegaly
349,aug_images_0/Cardiomegaly415.png,Cardiomegaly
350,aug_images_0/Cardiomegaly416.png,Cardiomegaly
351,aug_images_0/Cardiomegaly417.png,Cardiomegaly
352,aug_images_0/Cardiomegaly418.png,Cardiomegaly
353,aug_images_0/Cardiomegaly419.png,Cardiomegaly
354,aug_images_0/Cardiomegaly420.png,Cardiomegaly
355,aug_images_0/Cardiomegaly421.png,Cardiomegaly
356,aug_images_0/Cardiomegaly423.png,Cardiomegaly
357,aug_images_0/Cardiomegaly424.png,Cardiomegaly
358,aug_images_0/Cardiomegaly425.png,Cardiomegaly
359,aug_images_0/Cardiomegaly427.png,Cardiomegaly
360,aug_images_0/Cardiomegaly428.png,Cardiomegaly
361,aug_images_0/Cardiomegaly429.png,Cardiomegaly
362,aug_images_0/Cardiomegaly430.png,Cardiomegaly
363,aug_images_0/Cardiomegaly431.png,Cardiomegaly
364,aug_images_0/Cardiomegaly432.png,Cardiomegaly
365,aug_images_0/Cardiomegaly433.png,Cardiomegaly
366,aug_images_0/Cardiomegaly434.png,Cardiomegaly
367,aug_images_0/Cardiomegaly435.png,Cardiomegaly
368,aug_images_0/Cardiomegaly436.png,Cardiomegaly
369,aug_images_0/Cardiomegaly438.png,Cardiomegaly
370,aug_images_0/Cardiomegaly439.png,Cardiomegaly
371,aug_images_0/Cardiomegaly440.png,Cardiomegaly
372,aug_images_0/Cardiomegaly441.png,Cardiomegaly
373,aug_images_0/Cardiomegaly443.png,Cardiomegaly
374,aug_images_0/Cardiomegaly445.png,Cardiomegaly
375,aug_images_0/Cardiomegaly446.png,Cardiomegaly
376,aug_images_0/Cardiomegaly447.png,Cardiomegaly
377,aug_images_0/Cardiomegaly448.png,Cardiomegaly
378,aug_images_0/Cardiomegaly449.png,Cardiomegaly
379,aug_images_0/Cardiomegaly450.png,Cardiomegaly
380,aug_images_0/Cardiomegaly451.png,Cardiomegaly
381,aug_images_0/Cardiomegaly453.png,Cardiomegaly
382,aug_images_0/Cardiomegaly454.png,Cardiomegaly
383,aug_images_0/Cardiomegaly457.png,Cardiomegaly
384,aug_images_0/Cardiomegaly460.png,Cardiomegaly
385,aug_images_0/Cardiomegaly461.png,Cardiomegaly
386,aug_images_0/Cardiomegaly462.png,Cardiomegaly
387,aug_images_0/Cardiomegaly463.png,Cardiomegaly
388,aug_images_0/Cardiomegaly464.png,Cardiomegaly
389,aug_images_0/Cardiomegaly465.png,Cardiomegaly
390,aug_images_0/Cardiomegaly466.png,Cardiomegaly
391,aug_images_0/Cardiomegaly468.png,Cardiomegaly
392,aug_images_0/Cardiomegaly469.png,Cardiomegaly
393,aug_images_0/Cardiomegaly470.png,Cardiomegaly
394,aug_images_0/Cardiomegaly471.png,Cardiomegaly
395,aug_images_0/Cardiomegaly472.png,Cardiomegaly
396,aug_images_0/Cardiomegaly473.png,Cardiomegaly
397,aug_images_0/Cardiomegaly475.png,Cardiomegaly
398,aug_images_0/Cardiomegaly477.png,Cardiomegaly
399,aug_images_0/Cardiomegaly478.png,Cardiomegaly
400,aug_images_0/Cardiomegaly479.png,Cardiomegaly
401,aug_images_0/Cardiomegaly480.png,Cardiomegaly
402,aug_images_0/Cardiomegaly481.png,Cardiomegaly
403,aug_images_0/Cardiomegaly482.png,Cardiomegaly
404,aug_images_0/Cardiomegaly483.png,Cardiomegaly
405,aug_images_0/Cardiomegaly484.png,Cardiomegaly
406,aug_images_0/Cardiomegaly485.png,Cardiomegaly
407,aug_images_0/Cardiomegaly486.png,Cardiomegaly
408,aug_images_0/Cardiomegaly487.png,Cardiomegaly
409,aug_images_0/Cardiomegaly488.png,Cardiomegaly
410,aug_images_0/Cardiomegaly490.png,Cardiomegaly
411,aug_images_0/Cardiomegaly492.png,Cardiomegaly
412,aug_images_0/Cardiomegaly495.png,Cardiomegaly
413,aug_images_0/Cardiomegaly496.png,Cardiomegaly
414,aug_images_0/Cardiomegaly497.png,Cardiomegaly
415,aug_images_0/Cardiomegaly498.png,Cardiomegaly
416,aug_images_0/Cardiomegaly499.png,Cardiomegaly
417,aug_images_0/Cardiomegaly500.png,Cardiomegaly
418,aug_images_0/Cardiomegaly501.png,Cardiomegaly
419,aug_images_0/Cardiomegaly502.png,Cardiomegaly
420,aug_images_0/Cardiomegaly503.png,Cardiomegaly
421,aug_images_0/Cardiomegaly504.png,Cardiomegaly
422,aug_images_0/Cardiomegaly505.png,Cardiomegaly
423,aug_images_0/Cardiomegaly506.png,Cardiomegaly
424,aug_images_0/Cardiomegaly507.png,Cardiomegaly
425,aug_images_0/Cardiomegaly508.png,Cardiomegaly
426,aug_images_0/Cardiomegaly510.png,Cardiomegaly
427,aug_images_0/Cardiomegaly511.png,Cardiomegaly
428,aug_images_0/Cardiomegaly512.png,Cardiomegaly
429,aug_images_0/Cardiomegaly513.png,Cardiomegaly
430,aug_images_0/Cardiomegaly514.png,Cardiomegaly
431,aug_images_0/Cardiomegaly515.png,Cardiomegaly
432,aug_images_0/Cardiomegaly517.png,Cardiomegaly
433,aug_images_0/Cardiomegaly522.png,Cardiomegaly
434,aug_images_0/Cardiomegaly523.png,Cardiomegaly
435,aug_images_0/Cardiomegaly524.png,Cardiomegaly
436,aug_images_0/Cardiomegaly525.png,Cardiomegaly
437,aug_images_0/Cardiomegaly526.png,Cardiomegaly
438,aug_images_0/Cardiomegaly527.png,Cardiomegaly
439,aug_images_0/Cardiomegaly528.png,Cardiomegaly
440,aug_images_0/Cardiomegaly529.png,Cardiomegaly
441,aug_images_0/Cardiomegaly530.png,Cardiomegaly
442,aug_images_0/Cardiomegaly531.png,Cardiomegaly
443,aug_images_0/Cardiomegaly532.png,Cardiomegaly
444,aug_images_0/Cardiomegaly533.png,Cardiomegaly
445,aug_images_0/Cardiomegaly534.png,Cardiomegaly
446,aug_images_0/Cardiomegaly535.png,Cardiomegaly
447,aug_images_0/Cardiomegaly536.png,Cardiomegaly
448,aug_images_0/Cardiomegaly537.png,Cardiomegaly
449,aug_images_0/Cardiomegaly538.png,Cardiomegaly
450,aug_images_0/Cardiomegaly539.png,Cardiomegaly
451,aug_images_0/Cardiomegaly540.png,Cardiomegaly
452,aug_images_0/Cardiomegaly541.png,Cardiomegaly
453,aug_images_0/Cardiomegaly542.png,Cardiomegaly
454,aug_images_0/Cardiomegaly543.png,Cardiomegaly
455,aug_images_0/Cardiomegaly544.png,Cardiomegaly
456,aug_images_0/Cardiomegaly545.png,Cardiomegaly
457,aug_images_0/Cardiomegaly546.png,Cardiomegaly
458,aug_images_0/Cardiomegaly547.png,Cardiomegaly
459,aug_images_0/Cardiomegaly548.png,Cardiomegaly
460,aug_images_0/Cardiomegaly550.png,Cardiomegaly
461,aug_images_0/Cardiomegaly551.png,Cardiomegaly
462,aug_images_0/Cardiomegaly553.png,Cardiomegaly
463,aug_images_0/Cardiomegaly554.png,Cardiomegaly
464,aug_images_0/Cardiomegaly555.png,Cardiomegaly
465,aug_images_0/Cardiomegaly556.png,Cardiomegaly
466,aug_images_0/Cardiomegaly557.png,Cardiomegaly
467,aug_images_0/Cardiomegaly558.png,Cardiomegaly
468,aug_images_0/Cardiomegaly559.png,Cardiomegaly
469,aug_images_0/Cardiomegaly560.png,Cardiomegaly
470,aug_images_0/Cardiomegaly561.png,Cardiomegaly
471,aug_images_0/Cardiomegaly562.png,Cardiomegaly
472,aug_images_0/Cardiomegaly563.png,Cardiomegaly
473,aug_images_0/Cardiomegaly564.png,Cardiomegaly
474,aug_images_0/Cardiomegaly565.png,Cardiomegaly
475,aug_images_0/Cardiomegaly566.png,Cardiomegaly
476,aug_images_0/Cardiomegaly568.png,Cardiomegaly
477,aug_images_0/Cardiomegaly569.png,Cardiomegaly
478,aug_images_0/Cardiomegaly570.png,Cardiomegaly
479,aug_images_0/Cardiomegaly571.png,Cardiomegaly
480,aug_images_0/Cardiomegaly572.png,Cardiomegaly
481,aug_images_0/Cardiomegaly573.png,Cardiomegaly
482,aug_images_0/Cardiomegaly574.png,Cardiomegaly
483,aug_images_0/Cardiomegaly575.png,Cardiomegaly
484,aug_images_0/Cardiomegaly576.png,Cardiomegaly
485,aug_images_0/Cardiomegaly577.png,Cardiomegaly
486,aug_images_0/Cardiomegaly578.png,Cardiomegaly
487,aug_images_0/Cardiomegaly579.png,Cardiomegaly
488,aug_images_0/Cardiomegaly581.png,Cardiomegaly
489,aug_images_0/Cardiomegaly583.png,Cardiomegaly
490,aug_images_0/Cardiomegaly585.png,Cardiomegaly
491,aug_images_0/Cardiomegaly587.png,Cardiomegaly
492,aug_images_0/Cardiomegaly588.png,Cardiomegaly
493,aug_images_0/Cardiomegaly589.png,Cardiomegaly
494,aug_images_0/Cardiomegaly590.png,Cardiomegaly
495,aug_images_0/Cardiomegaly591.png,Cardiomegaly
496,aug_images_0/Cardiomegaly592.png,Cardiomegaly
497,aug_images_0/Cardiomegaly593.png,Cardiomegaly
498,aug_images_0/Cardiomegaly594.png,Cardiomegaly
499,aug_images_0/Cardiomegaly595.png,Cardiomegaly
500,aug_images_0/Cardiomegaly596.png,Cardiomegaly
501,aug_images_0/Cardiomegaly597.png,Cardiomegaly
502,aug_images_0/Cardiomegaly598.png,Cardiomegaly
503,aug_images_0/Cardiomegaly599.png,Cardiomegaly
504,aug_images_0/Cardiomegaly600.png,Cardiomegaly
505,aug_images_0/Cardiomegaly601.png,Cardiomegaly
506,aug_images_0/Cardiomegaly602.png,Cardiomegaly
507,aug_images_0/Cardiomegaly603.png,Cardiomegaly
508,aug_images_0/Cardiomegaly604.png,Cardiomegaly
509,aug_images_0/Cardiomegaly605.png,Cardiomegaly
510,aug_images_0/Cardiomegaly606.png,Cardiomegaly
511,aug_images_0/Cardiomegaly607.png,Cardiomegaly
512,aug_images_0/Cardiomegaly608.png,Cardiomegaly
513,aug_images_0/Cardiomegaly609.png,Cardiomegaly
514,aug_images_0/Cardiomegaly610.png,Cardiomegaly
515,aug_images_0/Cardiomegaly611.png,Cardiomegaly
516,aug_images_0/Cardiomegaly612.png,Cardiomegaly
517,aug_images_0/Cardiomegaly613.png,Cardiomegaly
518,aug_images_0/Cardiomegaly614.png,Cardiomegaly
519,aug_images_0/Cardiomegaly615.png,Cardiomegaly
520,aug_images_0/Cardiomegaly616.png,Cardiomegaly
521,aug_images_0/Cardiomegaly617.png,Cardiomegaly
522,aug_images_0/Cardiomegaly618.png,Cardiomegaly
523,aug_images_0/Cardiomegaly619.png,Cardiomegaly
524,aug_images_0/Cardiomegaly620.png,Cardiomegaly
525,aug_images_0/Cardiomegaly621.png,Cardiomegaly
526,aug_images_0/Cardiomegaly622.png,Cardiomegaly
527,aug_images_0/Cardiomegaly623.png,Cardiomegaly
528,aug_images_0/Cardiomegaly624.png,Cardiomegaly
529,aug_images_0/Cardiomegaly625.png,Cardiomegaly
530,aug_images_0/Cardiomegaly626.png,Cardiomegaly
531,aug_images_0/Cardiomegaly627.png,Cardiomegaly
532,aug_images_0/Cardiomegaly628.png,Cardiomegaly
533,aug_images_0/Cardiomegaly629.png,Cardiomegaly
534,aug_images_0/Cardiomegaly630.png,Cardiomegaly
535,aug_images_0/Cardiomegaly631.png,Cardiomegaly
536,aug_images_0/Cardiomegaly632.png,Cardiomegaly
537,aug_images_0/Cardiomegaly633.png,Cardiomegaly
538,aug_images_0/Cardiomegaly634.png,Cardiomegaly
539,aug_images_0/Cardiomegaly635.png,Cardiomegaly
540,aug_images_0/Cardiomegaly636.png,Cardiomegaly
541,aug_images_0/Cardiomegaly637.png,Cardiomegaly
542,aug_images_0/Cardiomegaly638.png,Cardiomegaly
543,aug_images_0/Cardiomegaly640.png,Cardiomegaly
544,aug_images_0/Cardiomegaly641.png,Cardiomegaly
545,aug_images_0/Cardiomegaly642.png,Cardiomegaly
546,aug_images_0/Cardiomegaly643.png,Cardiomegaly
547,aug_images_0/Cardiomegaly644.png,Cardiomegaly
548,aug_images_0/Cardiomegaly645.png,Cardiomegaly
549,aug_images_0/Cardiomegaly646.png,Cardiomegaly
550,aug_images_0/Cardiomegaly647.png,Cardiomegaly
551,aug_images_0/Cardiomegaly648.png,Cardiomegaly
552,aug_images_0/Cardiomegaly649.png,Cardiomegaly
553,aug_images_0/Cardiomegaly650.png,Cardiomegaly
554,aug_images_0/Cardiomegaly651.png,Cardiomegaly
555,aug_images_0/Cardiomegaly652.png,Cardiomegaly
556,aug_images_0/Cardiomegaly654.png,Cardiomegaly
557,aug_images_0/Cardiomegaly655.png,Cardiomegaly
558,aug_images_0/Cardiomegaly656.png,Cardiomegaly
559,aug_images_0/Cardiomegaly657.png,Cardiomegaly
560,aug_images_0/Cardiomegaly658.png,Cardiomegaly
561,aug_images_0/Cardiomegaly659.png,Cardiomegaly
562,aug_images_0/Cardiomegaly660.png,Cardiomegaly
563,aug_images_0/Cardiomegaly661.png,Cardiomegaly
564,aug_images_0/Cardiomegaly662.png,Cardiomegaly
565,aug_images_0/Cardiomegaly663.png,Cardiomegaly
566,aug_images_0/Cardiomegaly665.png,Cardiomegaly
567,aug_images_0/Cardiomegaly666.png,Cardiomegaly
568,aug_images_0/Cardiomegaly667.png,Cardiomegaly
569,aug_images_0/Cardiomegaly669.png,Cardiomegaly
570,aug_images_0/Cardiomegaly671.png,Cardiomegaly
571,aug_images_0/Cardiomegaly673.png,Cardiomegaly
572,aug_images_0/Cardiomegaly674.png,Cardiomegaly
573,aug_images_0/Cardiomegaly675.png,Cardiomegaly
574,aug_images_0/Cardiomegaly676.png,Cardiomegaly
575,aug_images_0/Cardiomegaly677.png,Cardiomegaly
576,aug_images_0/Cardiomegaly678.png,Cardiomegaly
577,aug_images_0/Cardiomegaly679.png,Cardiomegaly
578,aug_images_0/Cardiomegaly680.png,Cardiomegaly
579,aug_images_0/Cardiomegaly681.png,Cardiomegaly
580,aug_images_0/Cardiomegaly682.png,Cardiomegaly
581,aug_images_0/Cardiomegaly683.png,Cardiomegaly
582,aug_images_0/Cardiomegaly684.png,Cardiomegaly
583,aug_images_0/Cardiomegaly685.png,Cardiomegaly
584,aug_images_0/Cardiomegaly686.png,Cardiomegaly
585,aug_images_0/Cardiomegaly687.png,Cardiomegaly
586,aug_images_0/Cardiomegaly688.png,Cardiomegaly
587,aug_images_0/Cardiomegaly689.png,Cardiomegaly
588,aug_images_0/Cardiomegaly690.png,Cardiomegaly
589,aug_images_0/Cardiomegaly691.png,Cardiomegaly
590,aug_images_0/Cardiomegaly692.png,Cardiomegaly
591,aug_images_0/Cardiomegaly693.png,Cardiomegaly
592,aug_images_0/Cardiomegaly694.png,Cardiomegaly
593,aug_images_0/Cardiomegaly695.png,Cardiomegaly
594,aug_images_0/Cardiomegaly696.png,Cardiomegaly
595,aug_images_0/Cardiomegaly697.png,Cardiomegaly
596,aug_images_0/Cardiomegaly698.png,Cardiomegaly
597,aug_images_0/Cardiomegaly699.png,Cardiomegaly
598,aug_images_0/Cardiomegaly700.png,Cardiomegaly
599,aug_images_0/Cardiomegaly701.png,Cardiomegaly
600,aug_images_0/Cardiomegaly702.png,Cardiomegaly
601,aug_images_0/Cardiomegaly703.png,Cardiomegaly
602,aug_images_0/Cardiomegaly704.png,Cardiomegaly
603,aug_images_0/Cardiomegaly705.png,Cardiomegaly
604,aug_images_0/Cardiomegaly706.png,Cardiomegaly
605,aug_images_0/Cardiomegaly707.png,Cardiomegaly
606,aug_images_0/Cardiomegaly708.png,Cardiomegaly
607,aug_images_0/Cardiomegaly709.png,Cardiomegaly
608,aug_images_0/Cardiomegaly710.png,Cardiomegaly
609,aug_images_0/Cardiomegaly711.png,Cardiomegaly
610,aug_images_0/Cardiomegaly712.png,Cardiomegaly
611,aug_images_0/Cardiomegaly713.png,Cardiomegaly
612,aug_images_0/Cardiomegaly714.png,Cardiomegaly
613,aug_images_0/Cardiomegaly715.png,Cardiomegaly
614,aug_images_0/Cardiomegaly716.png,Cardiomegaly
615,aug_images_0/Cardiomegaly717.png,Cardiomegaly
616,aug_images_0/Cardiomegaly718.png,Cardiomegaly
617,aug_images_0/Cardiomegaly722.png,Cardiomegaly
618,aug_images_0/Cardiomegaly723.png,Cardiomegaly
619,aug_images_0/Cardiomegaly724.png,Cardiomegaly
620,aug_images_0/Cardiomegaly725.png,Cardiomegaly
621,aug_images_0/Cardiomegaly726.png,Cardiomegaly
622,aug_images_0/Cardiomegaly727.png,Cardiomegaly
623,aug_images_0/Cardiomegaly728.png,Cardiomegaly
624,aug_images_0/Cardiomegaly730.png,Cardiomegaly
625,aug_images_0/Cardiomegaly731.png,Cardiomegaly
626,aug_images_0/Cardiomegaly732.png,Cardiomegaly
627,aug_images_0/Cardiomegaly733.png,Cardiomegaly
628,aug_images_0/Cardiomegaly734.png,Cardiomegaly
629,aug_images_0/Cardiomegaly735.png,Cardiomegaly
630,aug_images_0/Cardiomegaly736.png,Cardiomegaly
631,aug_images_0/Cardiomegaly738.png,Cardiomegaly
632,aug_images_0/Cardiomegaly739.png,Cardiomegaly
633,aug_images_0/Cardiomegaly740.png,Cardiomegaly
634,aug_images_0/Cardiomegaly741.png,Cardiomegaly
635,aug_images_0/Cardiomegaly742.png,Cardiomegaly
636,aug_images_0/Cardiomegaly743.png,Cardiomegaly
637,aug_images_0/Cardiomegaly745.png,Cardiomegaly
638,aug_images_0/Cardiomegaly746.png,Cardiomegaly
639,aug_images_0/Cardiomegaly747.png,Cardiomegaly
640,aug_images_0/Cardiomegaly748.png,Cardiomegaly
641,aug_images_0/Cardiomegaly751.png,Cardiomegaly
642,aug_images_0/Cardiomegaly752.png,Cardiomegaly
643,aug_images_0/Cardiomegaly753.png,Cardiomegaly
644,aug_images_0/Cardiomegaly754.png,Cardiomegaly
645,aug_images_0/Cardiomegaly755.png,Cardiomegaly
646,aug_images_0/Cardiomegaly756.png,Cardiomegaly
647,aug_images_0/Cardiomegaly757.png,Cardiomegaly
648,aug_images_0/Cardiomegaly758.png,Cardiomegaly
649,aug_images_0/Cardiomegaly759.png,Cardiomegaly
650,aug_images_0/Cardiomegaly760.png,Cardiomegaly
651,aug_images_0/Cardiomegaly761.png,Cardiomegaly
652,aug_images_0/Cardiomegaly762.png,Cardiomegaly
653,aug_images_0/Cardiomegaly763.png,Cardiomegaly
654,aug_images_0/Cardiomegaly764.png,Cardiomegaly
655,aug_images_0/Cardiomegaly765.png,Cardiomegaly
656,aug_images_0/Cardiomegaly766.png,Cardiomegaly
657,aug_images_0/Cardiomegaly767.png,Cardiomegaly
658,aug_images_0/Cardiomegaly768.png,Cardiomegaly
659,aug_images_0/Cardiomegaly769.png,Cardiomegaly
660,aug_images_0/Cardiomegaly770.png,Cardiomegaly
661,aug_images_0/Cardiomegaly771.png,Cardiomegaly
662,aug_images_0/Cardiomegaly772.png,Cardiomegaly
663,aug_images_0/Cardiomegaly773.png,Cardiomegaly
664,aug_images_0/Cardiomegaly774.png,Cardiomegaly
665,aug_images_0/Cardiomegaly775.png,Cardiomegaly
666,aug_images_0/Cardiomegaly776.png,Cardiomegaly
667,aug_images_0/Cardiomegaly779.png,Cardiomegaly
668,aug_images_0/Cardiomegaly783.png,Cardiomegaly
669,aug_images_0/Cardiomegaly785.png,Cardiomegaly
670,aug_images_0/Cardiomegaly786.png,Cardiomegaly
671,aug_images_0/Cardiomegaly787.png,Cardiomegaly
672,aug_images_0/Cardiomegaly788.png,Cardiomegaly
673,aug_images_0/Cardiomegaly789.png,Cardiomegaly
674,aug_images_0/Cardiomegaly790.png,Cardiomegaly
675,aug_images_0/Cardiomegaly791.png,Cardiomegaly
676,aug_images_0/Cardiomegaly792.png,Cardiomegaly
677,aug_images_0/Cardiomegaly793.png,Cardiomegaly
678,aug_images_0/Cardiomegaly794.png,Cardiomegaly
679,aug_images_0/Cardiomegaly795.png,Cardiomegaly
680,aug_images_0/Cardiomegaly796.png,Cardiomegaly
681,aug_images_0/Cardiomegaly798.png,Cardiomegaly
682,aug_images_0/Cardiomegaly799.png,Cardiomegaly
683,aug_images_0/Cardiomegaly800.png,Cardiomegaly
684,aug_images_0/Cardiomegaly801.png,Cardiomegaly
685,aug_images_0/Cardiomegaly802.png,Cardiomegaly
686,aug_images_0/Cardiomegaly803.png,Cardiomegaly
687,aug_images_0/Cardiomegaly804.png,Cardiomegaly
688,aug_images_0/Cardiomegaly805.png,Cardiomegaly
689,aug_images_0/Cardiomegaly806.png,Cardiomegaly
690,aug_images_0/Cardiomegaly807.png,Cardiomegaly
691,aug_images_0/Cardiomegaly809.png,Cardiomegaly
692,aug_images_0/Cardiomegaly811.png,Cardiomegaly
693,aug_images_0/Cardiomegaly812.png,Cardiomegaly
694,aug_images_0/Cardiomegaly813.png,Cardiomegaly
695,aug_images_0/Cardiomegaly814.png,Cardiomegaly
696,aug_images_0/Cardiomegaly815.png,Cardiomegaly
697,aug_images_0/Cardiomegaly816.png,Cardiomegaly
698,aug_images_0/Cardiomegaly817.png,Cardiomegaly
699,aug_images_0/Cardiomegaly819.png,Cardiomegaly
700,aug_images_0/Cardiomegaly820.png,Cardiomegaly
701,aug_images_0/Cardiomegaly821.png,Cardiomegaly
702,aug_images_0/Cardiomegaly822.png,Cardiomegaly
703,aug_images_0/Cardiomegaly823.png,Cardiomegaly
704,aug_images_0/Cardiomegaly825.png,Cardiomegaly
705,aug_images_0/Cardiomegaly827.png,Cardiomegaly
706,aug_images_0/Cardiomegaly828.png,Cardiomegaly
707,aug_images_0/Cardiomegaly829.png,Cardiomegaly
708,aug_images_0/Cardiomegaly830.png,Cardiomegaly
709,aug_images_0/Cardiomegaly831.png,Cardiomegaly
710,aug_images_0/Cardiomegaly832.png,Cardiomegaly
711,aug_images_0/Cardiomegaly833.png,Cardiomegaly
712,aug_images_0/Cardiomegaly834.png,Cardiomegaly
713,aug_images_0/Cardiomegaly835.png,Cardiomegaly
714,aug_images_0/Cardiomegaly836.png,Cardiomegaly
715,aug_images_0/Cardiomegaly837.png,Cardiomegaly
716,aug_images_0/Cardiomegaly839.png,Cardiomegaly
717,aug_images_0/Cardiomegaly840.png,Cardiomegaly
718,aug_images_0/Cardiomegaly841.png,Cardiomegaly
719,aug_images_0/Cardiomegaly842.png,Cardiomegaly
720,aug_images_0/Cardiomegaly843.png,Cardiomegaly
721,aug_images_0/Cardiomegaly844.png,Cardiomegaly
722,aug_images_0/Cardiomegaly845.png,Cardiomegaly
723,aug_images_0/Cardiomegaly847.png,Cardiomegaly
724,aug_images_0/Cardiomegaly848.png,Cardiomegaly
725,aug_images_0/Cardiomegaly849.png,Cardiomegaly
726,aug_images_0/Cardiomegaly851.png,Cardiomegaly
727,aug_images_0/Cardiomegaly852.png,Cardiomegaly
728,aug_images_0/Cardiomegaly853.png,Cardiomegaly
729,aug_images_0/Cardiomegaly854.png,Cardiomegaly
730,aug_images_0/Cardiomegaly855.png,Cardiomegaly
731,aug_images_0/Cardiomegaly856.png,Cardiomegaly
732,aug_images_0/Cardiomegaly857.png,Cardiomegaly
733,aug_images_0/Cardiomegaly858.png,Cardiomegaly
734,aug_images_0/Cardiomegaly859.png,Cardiomegaly
735,aug_images_0/Cardiomegaly860.png,Cardiomegaly
736,aug_images_0/Cardiomegaly861.png,Cardiomegaly
737,aug_images_0/Cardiomegaly862.png,Cardiomegaly
738,aug_images_0/Cardiomegaly866.png,Cardiomegaly
739,aug_images_0/Cardiomegaly867.png,Cardiomegaly
740,aug_images_0/Cardiomegaly868.png,Cardiomegaly
741,aug_images_0/Cardiomegaly869.png,Cardiomegaly
742,aug_images_0/Cardiomegaly870.png,Cardiomegaly
743,aug_images_0/Cardiomegaly871.png,Cardiomegaly
744,aug_images_0/Cardiomegaly872.png,Cardiomegaly
745,aug_images_0/Cardiomegaly873.png,Cardiomegaly
746,aug_images_0/Cardiomegaly874.png,Cardiomegaly
747,aug_images_0/Cardiomegaly875.png,Cardiomegaly
748,aug_images_0/Cardiomegaly876.png,Cardiomegaly
749,aug_images_0/Cardiomegaly878.png,Cardiomegaly
750,aug_images_0/Cardiomegaly879.png,Cardiomegaly
751,aug_images_0/Cardiomegaly880.png,Cardiomegaly
752,aug_images_0/Cardiomegaly883.png,Cardiomegaly
753,aug_images_0/Cardiomegaly884.png,Cardiomegaly
754,aug_images_0/Cardiomegaly885.png,Cardiomegaly
755,aug_images_0/Cardiomegaly886.png,Cardiomegaly
756,aug_images_0/Cardiomegaly887.png,Cardiomegaly
757,aug_images_0/Cardiomegaly889.png,Cardiomegaly
758,aug_images_0/Cardiomegaly891.png,Cardiomegaly
759,aug_images_0/Cardiomegaly893.png,Cardiomegaly
760,aug_images_0/Cardiomegaly894.png,Cardiomegaly
761,aug_images_0/Cardiomegaly895.png,Cardiomegaly
762,aug_images_0/Cardiomegaly896.png,Cardiomegaly
763,aug_images_0/Cardiomegaly897.png,Cardiomegaly
764,aug_images_0/Cardiomegaly898.png,Cardiomegaly
765,aug_images_0/Cardiomegaly899.png,Cardiomegaly
766,aug_images_0/Cardiomegaly900.png,Cardiomegaly
767,aug_images_0/Cardiomegaly901.png,Cardiomegaly
768,aug_images_0/Cardiomegaly902.png,Cardiomegaly
769,aug_images_0/Cardiomegaly903.png,Cardiomegaly
770,aug_images_0/Cardiomegaly904.png,Cardiomegaly
771,aug_images_0/Cardiomegaly905.png,Cardiomegaly
772,aug_images_0/Cardiomegaly906.png,Cardiomegaly
773,aug_images_0/Cardiomegaly907.png,Cardiomegaly
774,aug_images_0/Cardiomegaly908.png,Cardiomegaly
775,aug_images_0/Cardiomegaly909.png,Cardiomegaly
776,aug_images_0/Cardiomegaly910.png,Cardiomegaly
777,aug_images_0/Cardiomegaly911.png,Cardiomegaly
778,aug_images_0/Cardiomegaly912.png,Cardiomegaly
779,aug_images_0/Cardiomegaly913.png,Cardiomegaly
780,aug_images_0/Cardiomegaly914.png,Cardiomegaly
781,aug_images_0/Cardiomegaly915.png,Cardiomegaly
782,aug_images_0/Cardiomegaly916.png,Cardiomegaly
783,aug_images_0/Cardiomegaly917.png,Cardiomegaly
784,aug_images_0/Cardiomegaly918.png,Cardiomegaly
785,aug_images_0/Cardiomegaly919.png,Cardiomegaly
786,aug_images_0/Cardiomegaly920.png,Cardiomegaly
787,aug_images_0/Cardiomegaly921.png,Cardiomegaly
788,aug_images_0/Cardiomegaly922.png,Cardiomegaly
789,aug_images_0/Cardiomegaly923.png,Cardiomegaly
790,aug_images_0/Cardiomegaly925.png,Cardiomegaly
791,aug_images_0/Cardiomegaly926.png,Cardiomegaly
792,aug_images_0/Cardiomegaly927.png,Cardiomegaly
793,aug_images_0/Cardiomegaly928.png,Cardiomegaly
794,aug_images_0/Cardiomegaly929.png,Cardiomegaly
795,aug_images_0/Cardiomegaly930.png,Cardiomegaly
796,aug_images_0/Cardiomegaly931.png,Cardiomegaly
797,aug_images_0/Cardiomegaly932.png,Cardiomegaly
798,aug_images_0/Cardiomegaly933.png,Cardiomegaly
799,aug_images_0/Cardiomegaly934.png,Cardiomegaly
800,aug_images_0/Cardiomegaly935.png,Cardiomegaly
801,aug_images_0/Cardiomegaly936.png,Cardiomegaly
802,aug_images_0/Cardiomegaly937.png,Cardiomegaly
803,aug_images_0/Cardiomegaly938.png,Cardiomegaly
804,aug_images_0/Cardiomegaly939.png,Cardiomegaly
805,aug_images_0/Cardiomegaly940.png,Cardiomegaly
806,aug_images_0/Cardiomegaly941.png,Cardiomegaly
807,aug_images_0/Cardiomegaly942.png,Cardiomegaly
808,aug_images_0/Cardiomegaly943.png,Cardiomegaly
809,aug_images_0/Cardiomegaly944.png,Cardiomegaly
810,aug_images_0/Cardiomegaly945.png,Cardiomegaly
811,aug_images_0/Cardiomegaly946.png,Cardiomegaly
812,aug_images_0/Cardiomegaly948.png,Cardiomegaly
813,aug_images_0/Cardiomegaly949.png,Cardiomegaly
814,aug_images_0/Cardiomegaly950.png,Cardiomegaly
815,aug_images_0/Cardiomegaly951.png,Cardiomegaly
816,aug_images_0/Cardiomegaly952.png,Cardiomegaly
817,aug_images_0/Cardiomegaly953.png,Cardiomegaly
818,aug_images_0/Cardiomegaly956.png,Cardiomegaly
819,aug_images_0/Cardiomegaly958.png,Cardiomegaly
820,aug_images_0/Cardiomegaly960.png,Cardiomegaly
821,aug_images_0/Cardiomegaly961.png,Cardiomegaly
822,aug_images_0/Cardiomegaly962.png,Cardiomegaly
823,aug_images_0/Cardiomegaly963.png,Cardiomegaly
824,aug_images_0/Cardiomegaly964.png,Cardiomegaly
825,aug_images_0/Cardiomegaly965.png,Cardiomegaly
826,aug_images_0/Cardiomegaly966.png,Cardiomegaly
827,aug_images_0/Cardiomegaly967.png,Cardiomegaly
828,aug_images_0/Cardiomegaly968.png,Cardiomegaly
829,aug_images_0/Cardiomegaly969.png,Cardiomegaly
830,aug_images_0/Cardiomegaly970.png,Cardiomegaly
831,aug_images_0/Cardiomegaly971.png,Cardiomegaly
832,aug_images_0/Cardiomegaly972.png,Cardiomegaly
833,aug_images_0/Cardiomegaly973.png,Cardiomegaly
834,aug_images_0/Cardiomegaly974.png,Cardiomegaly
835,aug_images_0/Cardiomegaly975.png,Cardiomegaly
836,aug_images_0/Cardiomegaly976.png,Cardiomegaly
837,aug_images_0/Cardiomegaly977.png,Cardiomegaly
838,aug_images_0/Cardiomegaly978.png,Cardiomegaly
839,aug_images_0/Cardiomegaly979.png,Cardiomegaly
840,aug_images_0/Cardiomegaly980.png,Cardiomegaly
841,aug_images_0/Cardiomegaly981.png,Cardiomegaly
842,aug_images_0/Cardiomegaly982.png,Cardiomegaly
843,aug_images_0/Cardiomegaly983.png,Cardiomegaly
844,aug_images_0/Cardiomegaly984.png,Cardiomegaly
845,aug_images_0/Cardiomegaly985.png,Cardiomegaly
846,aug_images_0/Cardiomegaly986.png,Cardiomegaly
847,aug_images_0/Cardiomegaly987.png,Cardiomegaly
848,aug_images_0/Cardiomegaly988.png,Cardiomegaly
849,aug_images_0/Cardiomegaly989.png,Cardiomegaly
850,aug_images_0/Cardiomegaly990.png,Cardiomegaly
851,aug_images_0/Cardiomegaly991.png,Cardiomegaly
852,aug_images_0/Cardiomegaly992.png,Cardiomegaly
853,aug_images_0/Cardiomegaly993.png,Cardiomegaly
854,aug_images_0/Cardiomegaly994.png,Cardiomegaly
855,aug_images_0/Cardiomegaly995.png,Cardiomegaly
856,aug_images_0/Cardiomegaly996.png,Cardiomegaly
857,aug_images_0/Cardiomegaly997.png,Cardiomegaly
858,aug_images_0/Cardiomegaly998.png,Cardiomegaly
859,aug_images_0/Cardiomegaly999.png,Cardiomegaly
860,aug_images_0/Cardiomegaly1000.png,Cardiomegaly
861,aug_images_0/Cardiomegaly1001.png,Cardiomegaly
862,aug_images_0/Cardiomegaly1003.png,Cardiomegaly
863,aug_images_0/Cardiomegaly1004.png,Cardiomegaly
864,aug_images_0/Cardiomegaly1005.png,Cardiomegaly
865,aug_images_0/Cardiomegaly1006.png,Cardiomegaly
866,aug_images_0/Cardiomegaly1007.png,Cardiomegaly
867,aug_images_0/Cardiomegaly1008.png,Cardiomegaly
868,aug_images_0/Cardiomegaly1009.png,Cardiomegaly
869,aug_images_0/Cardiomegaly1010.png,Cardiomegaly
870,aug_images_0/Cardiomegaly1011.png,Cardiomegaly
871,aug_images_0/Cardiomegaly1012.png,Cardiomegaly
872,aug_images_0/Cardiomegaly1014.png,Cardiomegaly
873,aug_images_0/Cardiomegaly1016.png,Cardiomegaly
874,aug_images_0/Cardiomegaly1017.png,Cardiomegaly
875,aug_images_0/Cardiomegaly1018.png,Cardiomegaly
876,aug_images_0/Cardiomegaly1019.png,Cardiomegaly
877,aug_images_0/Cardiomegaly1020.png,Cardiomegaly
878,aug_images_0/Cardiomegaly1021.png,Cardiomegaly
879,aug_images_0/Cardiomegaly1022.png,Cardiomegaly
880,aug_images_0/Cardiomegaly1023.png,Cardiomegaly
881,aug_images_0/Cardiomegaly1024.png,Cardiomegaly
882,aug_images_0/Cardiomegaly1025.png,Cardiomegaly
883,aug_images_0/Cardiomegaly1026.png,Cardiomegaly
884,aug_images_0/Cardiomegaly1027.png,Cardiomegaly
885,aug_images_0/Cardiomegaly1028.png,Cardiomegaly
886,aug_images_0/Cardiomegaly1029.png,Cardiomegaly
887,aug_images_0/Cardiomegaly1030.png,Cardiomegaly
888,aug_images_0/Cardiomegaly1031.png,Cardiomegaly
889,aug_images_0/Cardiomegaly1032.png,Cardiomegaly
890,aug_images_0/Cardiomegaly1033.png,Cardiomegaly
891,aug_images_0/Cardiomegaly1034.png,Cardiomegaly
892,aug_images_0/Cardiomegaly1035.png,Cardiomegaly
893,aug_images_0/Cardiomegaly1036.png,Cardiomegaly
894,aug_images_0/Cardiomegaly1037.png,Cardiomegaly
895,aug_images_0/Cardiomegaly1038.png,Cardiomegaly
896,aug_images_0/Cardiomegaly1039.png,Cardiomegaly
897,aug_images_0/Cardiomegaly1040.png,Cardiomegaly
898,aug_images_0/Cardiomegaly1041.png,Cardiomegaly
899,aug_images_0/Cardiomegaly1042.png,Cardiomegaly
900,aug_images_0/Cardiomegaly1043.png,Cardiomegaly
901,aug_images_0/Cardiomegaly1044.png,Cardiomegaly
902,aug_images_0/Cardiomegaly1045.png,Cardiomegaly
903,aug_images_0/Cardiomegaly1047.png,Cardiomegaly
904,aug_images_0/Cardiomegaly1048.png,Cardiomegaly
905,aug_images_0/Cardiomegaly1050.png,Cardiomegaly
906,aug_images_0/Cardiomegaly1052.png,Cardiomegaly
907,aug_images_0/Cardiomegaly1053.png,Cardiomegaly
908,aug_images_0/Cardiomegaly1054.png,Cardiomegaly
909,aug_images_0/Cardiomegaly1055.png,Cardiomegaly
910,aug_images_0/Cardiomegaly1056.png,Cardiomegaly
911,aug_images_0/Cardiomegaly1057.png,Cardiomegaly
912,aug_images_0/Cardiomegaly1058.png,Cardiomegaly
913,aug_images_0/Cardiomegaly1059.png,Cardiomegaly
914,aug_images_0/Cardiomegaly1060.png,Cardiomegaly
915,aug_images_0/Cardiomegaly1061.png,Cardiomegaly
916,aug_images_0/Cardiomegaly1062.png,Cardiomegaly
917,aug_images_0/Cardiomegaly1063.png,Cardiomegaly
918,aug_images_0/Cardiomegaly1064.png,Cardiomegaly
919,aug_images_0/Cardiomegaly1065.png,Cardiomegaly
920,aug_images_0/Cardiomegaly1068.png,Cardiomegaly
921,aug_images_0/Cardiomegaly1069.png,Cardiomegaly
922,aug_images_0/Cardiomegaly1070.png,Cardiomegaly
923,aug_images_0/Cardiomegaly1071.png,Cardiomegaly
924,aug_images_0/Cardiomegaly1072.png,Cardiomegaly
925,aug_images_0/Cardiomegaly1073.png,Cardiomegaly
926,aug_images_0/Cardiomegaly1074.png,Cardiomegaly
927,aug_images_0/Cardiomegaly1075.png,Cardiomegaly
928,aug_images_0/Cardiomegaly1076.png,Cardiomegaly
929,aug_images_0/Cardiomegaly1077.png,Cardiomegaly
930,aug_images_0/Cardiomegaly1078.png,Cardiomegaly
931,aug_images_0/Cardiomegaly1079.png,Cardiomegaly
932,aug_images_0/Cardiomegaly1080.png,Cardiomegaly
933,aug_images_0/Cardiomegaly1081.png,Cardiomegaly
934,aug_images_0/Cardiomegaly1082.png,Cardiomegaly
935,aug_images_0/Cardiomegaly1083.png,Cardiomegaly
936,aug_images_0/Cardiomegaly1084.png,Cardiomegaly
937,aug_images_0/Cardiomegaly1086.png,Cardiomegaly
938,aug_images_0/Cardiomegaly1087.png,Cardiomegaly
939,aug_images_0/Cardiomegaly1088.png,Cardiomegaly
940,aug_images_0/Cardiomegaly1089.png,Cardiomegaly
941,aug_images_0/Cardiomegaly1094.png,Cardiomegaly
942,aug_images_0/Cardiomegaly1095.png,Cardiomegaly
943,aug_images_0/Cardiomegaly1096.png,Cardiomegaly
944,aug_images_0/Cardiomegaly1097.png,Cardiomegaly
945,aug_images_0/Cardiomegaly1098.png,Cardiomegaly
946,aug_images_0/Cardiomegaly1099.png,Cardiomegaly
947,aug_images_0/Cardiomegaly1100.png,Cardiomegaly
948,aug_images_0/Cardiomegaly1101.png,Cardiomegaly
949,aug_images_0/Cardiomegaly1104.png,Cardiomegaly
950,aug_images_0/Cardiomegaly1107.png,Cardiomegaly
951,aug_images_0/Cardiomegaly1108.png,Cardiomegaly
952,aug_images_0/Cardiomegaly1109.png,Cardiomegaly
953,aug_images_0/Cardiomegaly1110.png,Cardiomegaly
954,aug_images_0/Cardiomegaly1111.png,Cardiomegaly
955,aug_images_0/Cardiomegaly1112.png,Cardiomegaly
956,aug_images_0/Cardiomegaly1113.png,Cardiomegaly
957,aug_images_0/Cardiomegaly1114.png,Cardiomegaly
958,aug_images_0/Cardiomegaly1115.png,Cardiomegaly
959,aug_images_0/Cardiomegaly1117.png,Cardiomegaly
960,aug_images_0/Cardiomegaly1118.png,Cardiomegaly
961,aug_images_0/Cardiomegaly1120.png,Cardiomegaly
962,aug_images_0/Cardiomegaly1121.png,Cardiomegaly
963,aug_images_0/Cardiomegaly1122.png,Cardiomegaly
964,aug_images_0/Cardiomegaly1123.png,Cardiomegaly
965,aug_images_0/Cardiomegaly1124.png,Cardiomegaly
966,aug_images_0/Cardiomegaly1125.png,Cardiomegaly
967,aug_images_0/Cardiomegaly1126.png,Cardiomegaly
968,aug_images_0/Cardiomegaly1127.png,Cardiomegaly
969,aug_images_0/Cardiomegaly1128.png,Cardiomegaly
970,aug_images_0/Cardiomegaly1129.png,Cardiomegaly
971,aug_images_0/Cardiomegaly1132.png,Cardiomegaly
972,aug_images_0/Cardiomegaly1134.png,Cardiomegaly
973,aug_images_0/Cardiomegaly1135.png,Cardiomegaly
974,aug_images_0/Cardiomegaly1138.png,Cardiomegaly
975,aug_images_0/Cardiomegaly1139.png,Cardiomegaly
976,aug_images_0/Cardiomegaly1140.png,Cardiomegaly
977,aug_images_0/Cardiomegaly1142.png,Cardiomegaly
978,aug_images_0/Cardiomegaly1144.png,Cardiomegaly
979,aug_images_0/Cardiomegaly1145.png,Cardiomegaly
980,aug_images_0/Cardiomegaly1146.png,Cardiomegaly
981,aug_images_0/Cardiomegaly1147.png,Cardiomegaly
982,aug_images_0/Cardiomegaly1148.png,Cardiomegaly
983,aug_images_0/Cardiomegaly1149.png,Cardiomegaly
984,aug_images_0/Cardiomegaly1150.png,Cardiomegaly
985,aug_images_0/Cardiomegaly1151.png,Cardiomegaly
986,aug_images_0/Cardiomegaly1152.png,Cardiomegaly
987,aug_images_0/Cardiomegaly1153.png,Cardiomegaly
988,aug_images_0/Cardiomegaly1154.png,Cardiomegaly
989,aug_images_0/Cardiomegaly1155.png,Cardiomegaly
990,aug_images_0/Cardiomegaly1156.png,Cardiomegaly
991,aug_images_0/Cardiomegaly1157.png,Cardiomegaly
992,aug_images_0/Cardiomegaly1158.png,Cardiomegaly
993,aug_images_0/Cardiomegaly1159.png,Cardiomegaly
994,aug_images_0/Cardiomegaly1160.png,Cardiomegaly
995,aug_images_0/Cardiomegaly1161.png,Cardiomegaly
996,aug_images_0/Cardiomegaly1162.png,Cardiomegaly
997,aug_images_0/Cardiomegaly1163.png,Cardiomegaly
998,aug_images_0/Cardiomegaly1164.png,Cardiomegaly
999,aug_images_0/Cardiomegaly1165.png,Cardiomegaly
1000,aug_images_0/Cardiomegaly1166.png,Cardiomegaly
1001,aug_images_0/Cardiomegaly1167.png,Cardiomegaly
1002,aug_images_0/Cardiomegaly1168.png,Cardiomegaly
1003,aug_images_0/Cardiomegaly1169.png,Cardiomegaly
1004,aug_images_0/Cardiomegaly1170.png,Cardiomegaly
1005,aug_images_0/Cardiomegaly1171.png,Cardiomegaly
1006,aug_images_0/Cardiomegaly1172.png,Cardiomegaly
1007,aug_images_0/Cardiomegaly1173.png,Cardiomegaly
1008,aug_images_0/Cardiomegaly1175.png,Cardiomegaly
1009,aug_images_0/Cardiomegaly1176.png,Cardiomegaly
1010,aug_images_0/Cardiomegaly1177.png,Cardiomegaly
1011,aug_images_0/Cardiomegaly1178.png,Cardiomegaly
1012,aug_images_0/Cardiomegaly1179.png,Cardiomegaly
1013,aug_images_0/Cardiomegaly1181.png,Cardiomegaly
1014,aug_images_0/Cardiomegaly1182.png,Cardiomegaly
1015,aug_images_0/Cardiomegaly1183.png,Cardiomegaly
1016,aug_images_0/Cardiomegaly1184.png,Cardiomegaly
1017,aug_images_0/Cardiomegaly1185.png,Cardiomegaly
1018,aug_images_0/Cardiomegaly1186.png,Cardiomegaly
1019,aug_images_0/Cardiomegaly1187.png,Cardiomegaly
1020,aug_images_0/Cardiomegaly1188.png,Cardiomegaly
1021,aug_images_0/Cardiomegaly1189.png,Cardiomegaly
1022,aug_images_0/Cardiomegaly1190.png,Cardiomegaly
1023,aug_images_0/Cardiomegaly1191.png,Cardiomegaly
1024,aug_images_0/Cardiomegaly1192.png,Cardiomegaly
1025,aug_images_0/Cardiomegaly1194.png,Cardiomegaly
1026,aug_images_0/Cardiomegaly1195.png,Cardiomegaly
1027,aug_images_0/Cardiomegaly1196.png,Cardiomegaly
1028,aug_images_0/Cardiomegaly1197.png,Cardiomegaly
1029,aug_images_0/Cardiomegaly1198.png,Cardiomegaly
1030,aug_images_0/Cardiomegaly1199.png,Cardiomegaly
1031,aug_images_0/Cardiomegaly1200.png,Cardiomegaly
1032,aug_images_0/Cardiomegaly1201.png,Cardiomegaly
1033,aug_images_0/Cardiomegaly1202.png,Cardiomegaly
1034,aug_images_0/Cardiomegaly1203.png,Cardiomegaly
1035,aug_images_0/Cardiomegaly1204.png,Cardiomegaly
1036,aug_images_0/Cardiomegaly1205.png,Cardiomegaly
1037,aug_images_0/Cardiomegaly1206.png,Cardiomegaly
1038,aug_images_0/Cardiomegaly1207.png,Cardiomegaly
1039,aug_images_0/Cardiomegaly1208.png,Cardiomegaly
1040,aug_images_0/Cardiomegaly1210.png,Cardiomegaly
1041,aug_images_0/Cardiomegaly1211.png,Cardiomegaly
1042,aug_images_0/Cardiomegaly1213.png,Cardiomegaly
1043,aug_images_0/Cardiomegaly1214.png,Cardiomegaly
1044,aug_images_0/Cardiomegaly1215.png,Cardiomegaly
1045,aug_images_0/Cardiomegaly1216.png,Cardiomegaly
1046,aug_images_0/Cardiomegaly1217.png,Cardiomegaly
1047,aug_images_0/Cardiomegaly1218.png,Cardiomegaly
1048,aug_images_0/Cardiomegaly1219.png,Cardiomegaly
1049,aug_images_0/Cardiomegaly1220.png,Cardiomegaly
1050,aug_images_0/Cardiomegaly1221.png,Cardiomegaly
1051,aug_images_0/Cardiomegaly1222.png,Cardiomegaly
1052,aug_images_0/Cardiomegaly1223.png,Cardiomegaly
1053,aug_images_0/Cardiomegaly1224.png,Cardiomegaly
1054,aug_images_0/Cardiomegaly1225.png,Cardiomegaly
1055,aug_images_0/Cardiomegaly1227.png,Cardiomegaly
1056,aug_images_0/Cardiomegaly1229.png,Cardiomegaly
1057,aug_images_0/Cardiomegaly1230.png,Cardiomegaly
1058,aug_images_0/Cardiomegaly1231.png,Cardiomegaly
1059,aug_images_0/Cardiomegaly1235.png,Cardiomegaly
1060,aug_images_0/Cardiomegaly1236.png,Cardiomegaly
1061,aug_images_0/Cardiomegaly1237.png,Cardiomegaly
1062,aug_images_0/Cardiomegaly1238.png,Cardiomegaly
1063,aug_images_0/Cardiomegaly1239.png,Cardiomegaly
1064,aug_images_0/Cardiomegaly1240.png,Cardiomegaly
1065,aug_images_0/Cardiomegaly1241.png,Cardiomegaly
1066,aug_images_0/Cardiomegaly1242.png,Cardiomegaly
1067,aug_images_0/Cardiomegaly1243.png,Cardiomegaly
1068,aug_images_0/Cardiomegaly1244.png,Cardiomegaly
1069,aug_images_0/Cardiomegaly1245.png,Cardiomegaly
1070,aug_images_0/Cardiomegaly1247.png,Cardiomegaly
1071,aug_images_0/Cardiomegaly1248.png,Cardiomegaly
1072,aug_images_0/Cardiomegaly1249.png,Cardiomegaly
1073,aug_images_0/Cardiomegaly1250.png,Cardiomegaly
1074,aug_images_0/Cardiomegaly1251.png,Cardiomegaly
1075,aug_images_0/Cardiomegaly1252.png,Cardiomegaly
1076,aug_images_0/Cardiomegaly1253.png,Cardiomegaly
1077,aug_images_0/Cardiomegaly1255.png,Cardiomegaly
1078,aug_images_0/Cardiomegaly1256.png,Cardiomegaly
1079,aug_images_0/Cardiomegaly1257.png,Cardiomegaly
1080,aug_images_0/Cardiomegaly1258.png,Cardiomegaly
1081,aug_images_0/Cardiomegaly1259.png,Cardiomegaly
1082,aug_images_0/Cardiomegaly1260.png,Cardiomegaly
1083,aug_images_0/Cardiomegaly1262.png,Cardiomegaly
1084,aug_images_0/Cardiomegaly1263.png,Cardiomegaly
1085,aug_images_0/Cardiomegaly1265.png,Cardiomegaly
1086,aug_images_0/Cardiomegaly1266.png,Cardiomegaly
1087,aug_images_0/Cardiomegaly1267.png,Cardiomegaly
1088,aug_images_0/Cardiomegaly1269.png,Cardiomegaly
1089,aug_images_0/Cardiomegaly1270.png,Cardiomegaly
1090,aug_images_0/Cardiomegaly1272.png,Cardiomegaly
1091,aug_images_0/Cardiomegaly1273.png,Cardiomegaly
1092,aug_images_0/Cardiomegaly1274.png,Cardiomegaly
1093,aug_images_0/Cardiomegaly1275.png,Cardiomegaly
1094,aug_images_0/Cardiomegaly1277.png,Cardiomegaly
1095,aug_images_0/Cardiomegaly1278.png,Cardiomegaly
1096,aug_images_0/Cardiomegaly1280.png,Cardiomegaly
1097,aug_images_0/Cardiomegaly1281.png,Cardiomegaly
1098,aug_images_0/Cardiomegaly1282.png,Cardiomegaly
1099,aug_images_0/Cardiomegaly1283.png,Cardiomegaly
1100,aug_images_0/Cardiomegaly1284.png,Cardiomegaly
1101,aug_images_0/Cardiomegaly1285.png,Cardiomegaly
1102,aug_images_0/Cardiomegaly1286.png,Cardiomegaly
1103,aug_images_0/Cardiomegaly1287.png,Cardiomegaly
1104,aug_images_0/Cardiomegaly1288.png,Cardiomegaly
1105,aug_images_0/Cardiomegaly1289.png,Cardiomegaly
1106,aug_images_0/Cardiomegaly1290.png,Cardiomegaly
1107,aug_images_0/Cardiomegaly1291.png,Cardiomegaly
1108,aug_images_0/Cardiomegaly1292.png,Cardiomegaly
1109,aug_images_0/Cardiomegaly1293.png,Cardiomegaly
1110,aug_images_0/Cardiomegaly1294.png,Cardiomegaly
1111,aug_images_0/Cardiomegaly1295.png,Cardiomegaly
1112,aug_images_0/Cardiomegaly1296.png,Cardiomegaly
1113,aug_images_0/Cardiomegaly1297.png,Cardiomegaly
1114,aug_images_0/Cardiomegaly1298.png,Cardiomegaly
1115,aug_images_0/Cardiomegaly1299.png,Cardiomegaly
1116,aug_images_0/Cardiomegaly1301.png,Cardiomegaly
1117,aug_images_0/Cardiomegaly1302.png,Cardiomegaly
1118,aug_images_0/Cardiomegaly1303.png,Cardiomegaly
1119,aug_images_0/Cardiomegaly1304.png,Cardiomegaly
1120,aug_images_0/Cardiomegaly1305.png,Cardiomegaly
1121,aug_images_0/Cardiomegaly1306.png,Cardiomegaly
1122,aug_images_0/Cardiomegaly1307.png,Cardiomegaly
1123,aug_images_0/Cardiomegaly1308.png,Cardiomegaly
1124,aug_images_0/Cardiomegaly1309.png,Cardiomegaly
1125,aug_images_0/Cardiomegaly1310.png,Cardiomegaly
1126,aug_images_0/Cardiomegaly1311.png,Cardiomegaly
1127,aug_images_0/Cardiomegaly1312.png,Cardiomegaly
1128,aug_images_0/Cardiomegaly1313.png,Cardiomegaly
1129,aug_images_0/Cardiomegaly1314.png,Cardiomegaly
1130,aug_images_0/Cardiomegaly1315.png,Cardiomegaly
1131,aug_images_0/Cardiomegaly1316.png,Cardiomegaly
1132,aug_images_0/Cardiomegaly1317.png,Cardiomegaly
1133,aug_images_0/Cardiomegaly1319.png,Cardiomegaly
1134,aug_images_0/Cardiomegaly1320.png,Cardiomegaly
1135,aug_images_0/Cardiomegaly1322.png,Cardiomegaly
1136,aug_images_0/Cardiomegaly1323.png,Cardiomegaly
1137,aug_images_0/Cardiomegaly1324.png,Cardiomegaly
1138,aug_images_0/Cardiomegaly1325.png,Cardiomegaly
1139,aug_images_0/Cardiomegaly1326.png,Cardiomegaly
1140,aug_images_0/Cardiomegaly1327.png,Cardiomegaly
1141,aug_images_0/Cardiomegaly1328.png,Cardiomegaly
1142,aug_images_0/Cardiomegaly1330.png,Cardiomegaly
1143,aug_images_0/Cardiomegaly1331.png,Cardiomegaly
1144,aug_images_0/Cardiomegaly1332.png,Cardiomegaly
1145,aug_images_0/Cardiomegaly1333.png,Cardiomegaly
1146,aug_images_0/Cardiomegaly1334.png,Cardiomegaly
1147,aug_images_0/Cardiomegaly1335.png,Cardiomegaly
1148,aug_images_0/Cardiomegaly1336.png,Cardiomegaly
1149,aug_images_0/Cardiomegaly1339.png,Cardiomegaly
1150,aug_images_0/Cardiomegaly1340.png,Cardiomegaly
1151,aug_images_0/Cardiomegaly1341.png,Cardiomegaly
1152,aug_images_0/Cardiomegaly1342.png,Cardiomegaly
1153,aug_images_0/Cardiomegaly1343.png,Cardiomegaly
1154,aug_images_0/Cardiomegaly1344.png,Cardiomegaly
1155,aug_images_0/Cardiomegaly1346.png,Cardiomegaly
1156,aug_images_0/Cardiomegaly1347.png,Cardiomegaly
1157,aug_images_0/Cardiomegaly1348.png,Cardiomegaly
1158,aug_images_0/Cardiomegaly1349.png,Cardiomegaly
1159,aug_images_0/Cardiomegaly1350.png,Cardiomegaly
1160,aug_images_0/Cardiomegaly1351.png,Cardiomegaly
1161,aug_images_0/Cardiomegaly1352.png,Cardiomegaly
1162,aug_images_0/Cardiomegaly1353.png,Cardiomegaly
1163,aug_images_0/Cardiomegaly1354.png,Cardiomegaly
1164,aug_images_0/Cardiomegaly1355.png,Cardiomegaly
1165,aug_images_0/Cardiomegaly1356.png,Cardiomegaly
1166,aug_images_0/Cardiomegaly1357.png,Cardiomegaly
1167,aug_images_0/Cardiomegaly1358.png,Cardiomegaly
1168,aug_images_0/Cardiomegaly1359.png,Cardiomegaly
1169,aug_images_0/Cardiomegaly1360.png,Cardiomegaly
1170,aug_images_0/Cardiomegaly1361.png,Cardiomegaly
1171,aug_images_0/Cardiomegaly1362.png,Cardiomegaly
1172,aug_images_0/Cardiomegaly1363.png,Cardiomegaly
1173,aug_images_0/Cardiomegaly1364.png,Cardiomegaly
1174,aug_images_0/Cardiomegaly1365.png,Cardiomegaly
1175,aug_images_0/Cardiomegaly1366.png,Cardiomegaly
1176,aug_images_0/Cardiomegaly1367.png,Cardiomegaly
1177,aug_images_0/Cardiomegaly1368.png,Cardiomegaly
1178,aug_images_0/Cardiomegaly1369.png,Cardiomegaly
1179,aug_images_0/Cardiomegaly1370.png,Cardiomegaly
1180,aug_images_0/Cardiomegaly1371.png,Cardiomegaly
1181,aug_images_0/Cardiomegaly1372.png,Cardiomegaly
1182,aug_images_0/Cardiomegaly1373.png,Cardiomegaly
1183,aug_images_0/Cardiomegaly1374.png,Cardiomegaly
1184,aug_images_0/Cardiomegaly1375.png,Cardiomegaly
1185,aug_images_0/Cardiomegaly1377.png,Cardiomegaly
1186,aug_images_0/Cardiomegaly1378.png,Cardiomegaly
1187,aug_images_0/Cardiomegaly1379.png,Cardiomegaly
1188,aug_images_0/Cardiomegaly1380.png,Cardiomegaly
1189,aug_images_0/Cardiomegaly1381.png,Cardiomegaly
1190,aug_images_0/Cardiomegaly1382.png,Cardiomegaly
1191,aug_images_0/Cardiomegaly1384.png,Cardiomegaly
1192,aug_images_0/Cardiomegaly1385.png,Cardiomegaly
1193,aug_images_0/Cardiomegaly1386.png,Cardiomegaly
1194,aug_images_0/Cardiomegaly1387.png,Cardiomegaly
1195,aug_images_0/Cardiomegaly1389.png,Cardiomegaly
1196,aug_images_0/Cardiomegaly1390.png,Cardiomegaly
1197,aug_images_0/Cardiomegaly1392.png,Cardiomegaly
1198,aug_images_0/Cardiomegaly1393.png,Cardiomegaly
1199,aug_images_0/Cardiomegaly1394.png,Cardiomegaly
1200,aug_images_0/Cardiomegaly1395.png,Cardiomegaly
1201,aug_images_0/Cardiomegaly1396.png,Cardiomegaly
1202,aug_images_0/Cardiomegaly1397.png,Cardiomegaly
1203,aug_images_0/Cardiomegaly1398.png,Cardiomegaly
1204,aug_images_0/Cardiomegaly1399.png,Cardiomegaly
1205,aug_images_0/Cardiomegaly1400.png,Cardiomegaly
1206,aug_images_0/Cardiomegaly1401.png,Cardiomegaly
1207,aug_images_0/Cardiomegaly1402.png,Cardiomegaly
1208,aug_images_0/Cardiomegaly1403.png,Cardiomegaly
1209,aug_images_0/Cardiomegaly1404.png,Cardiomegaly
1210,aug_images_0/Cardiomegaly1405.png,Cardiomegaly
1211,aug_images_0/Cardiomegaly1406.png,Cardiomegaly
1212,aug_images_0/Cardiomegaly1408.png,Cardiomegaly
1213,aug_images_0/Cardiomegaly1409.png,Cardiomegaly
1214,aug_images_0/Cardiomegaly1411.png,Cardiomegaly
1215,aug_images_0/Cardiomegaly1413.png,Cardiomegaly
1216,aug_images_0/Cardiomegaly1414.png,Cardiomegaly
1217,aug_images_0/Cardiomegaly1415.png,Cardiomegaly
1218,aug_images_0/Cardiomegaly1416.png,Cardiomegaly
1219,aug_images_0/Cardiomegaly1419.png,Cardiomegaly
1220,aug_images_0/Cardiomegaly1420.png,Cardiomegaly
1221,aug_images_0/Cardiomegaly1422.png,Cardiomegaly
1222,aug_images_0/Cardiomegaly1423.png,Cardiomegaly
1223,aug_images_0/Cardiomegaly1424.png,Cardiomegaly
1224,aug_images_0/Cardiomegaly1425.png,Cardiomegaly
1225,aug_images_0/Cardiomegaly1426.png,Cardiomegaly
1226,aug_images_0/Cardiomegaly1427.png,Cardiomegaly
1227,aug_images_0/Cardiomegaly1428.png,Cardiomegaly
1228,aug_images_0/Cardiomegaly1429.png,Cardiomegaly
1229,aug_images_0/Cardiomegaly1430.png,Cardiomegaly
1230,aug_images_0/Cardiomegaly1431.png,Cardiomegaly
1231,aug_images_0/Cardiomegaly1432.png,Cardiomegaly
1232,aug_images_0/Cardiomegaly1433.png,Cardiomegaly
1233,aug_images_0/Cardiomegaly1434.png,Cardiomegaly
1234,aug_images_0/Cardiomegaly1435.png,Cardiomegaly
1235,aug_images_0/Cardiomegaly1436.png,Cardiomegaly
1236,aug_images_0/Cardiomegaly1437.png,Cardiomegaly
1237,aug_images_0/Cardiomegaly1438.png,Cardiomegaly
1238,aug_images_0/Cardiomegaly1439.png,Cardiomegaly
1239,aug_images_0/Cardiomegaly1440.png,Cardiomegaly
1240,aug_images_0/Cardiomegaly1441.png,Cardiomegaly
1241,aug_images_0/Cardiomegaly1442.png,Cardiomegaly
1242,aug_images_0/Cardiomegaly1443.png,Cardiomegaly
1243,aug_images_0/Cardiomegaly1444.png,Cardiomegaly
1244,aug_images_0/Cardiomegaly1445.png,Cardiomegaly
1245,aug_images_0/Cardiomegaly1446.png,Cardiomegaly
1246,aug_images_0/Cardiomegaly1447.png,Cardiomegaly
1247,aug_images_0/Cardiomegaly1448.png,Cardiomegaly
1248,aug_images_0/Cardiomegaly1449.png,Cardiomegaly
1249,aug_images_0/Cardiomegaly1450.png,Cardiomegaly
1250,aug_images_0/Cardiomegaly1451.png,Cardiomegaly
1251,aug_images_0/Cardiomegaly1452.png,Cardiomegaly
1252,aug_images_0/Cardiomegaly1453.png,Cardiomegaly
1253,aug_images_0/Cardiomegaly1454.png,Cardiomegaly
1254,aug_images_0/Cardiomegaly1455.png,Cardiomegaly
1255,aug_images_0/Cardiomegaly1456.png,Cardiomegaly
1256,aug_images_0/Cardiomegaly1457.png,Cardiomegaly
1257,aug_images_0/Cardiomegaly1458.png,Cardiomegaly
1258,aug_images_0/Cardiomegaly1459.png,Cardiomegaly
1259,aug_images_0/Cardiomegaly1460.png,Cardiomegaly
1260,aug_images_0/Cardiomegaly1461.png,Cardiomegaly
1261,aug_images_0/Cardiomegaly1462.png,Cardiomegaly
1262,aug_images_0/Cardiomegaly1463.png,Cardiomegaly
1263,aug_images_0/Cardiomegaly1464.png,Cardiomegaly
1264,aug_images_0/Cardiomegaly1465.png,Cardiomegaly
1265,aug_images_0/Cardiomegaly1466.png,Cardiomegaly
1266,aug_images_0/Cardiomegaly1468.png,Cardiomegaly
1267,aug_images_0/Cardiomegaly1469.png,Cardiomegaly
1268,aug_images_0/Cardiomegaly1470.png,Cardiomegaly
1269,aug_images_0/Cardiomegaly1472.png,Cardiomegaly
1270,aug_images_0/Cardiomegaly1473.png,Cardiomegaly
1271,aug_images_0/Cardiomegaly1474.png,Cardiomegaly
1272,aug_images_0/Cardiomegaly1475.png,Cardiomegaly
1273,aug_images_0/Cardiomegaly1476.png,Cardiomegaly
1274,aug_images_0/Cardiomegaly1477.png,Cardiomegaly
1275,aug_images_0/Cardiomegaly1478.png,Cardiomegaly
1276,aug_images_0/Cardiomegaly1479.png,Cardiomegaly
1277,aug_images_0/Cardiomegaly1480.png,Cardiomegaly
1278,aug_images_0/Cardiomegaly1482.png,Cardiomegaly
1279,aug_images_0/Cardiomegaly1483.png,Cardiomegaly
1280,aug_images_0/Cardiomegaly1484.png,Cardiomegaly
1281,aug_images_0/Cardiomegaly1485.png,Cardiomegaly
1282,aug_images_0/Cardiomegaly1486.png,Cardiomegaly
1283,aug_images_0/Cardiomegaly1488.png,Cardiomegaly
1284,aug_images_0/Cardiomegaly1489.png,Cardiomegaly
1285,aug_images_0/Cardiomegaly1490.png,Cardiomegaly
1286,aug_images_0/Cardiomegaly1491.png,Cardiomegaly
1287,aug_images_0/Cardiomegaly1493.png,Cardiomegaly
1288,aug_images_0/Cardiomegaly1494.png,Cardiomegaly
1289,aug_images_0/Cardiomegaly1495.png,Cardiomegaly
1290,aug_images_0/Cardiomegaly1497.png,Cardiomegaly
1291,aug_images_0/Cardiomegaly1498.png,Cardiomegaly
1292,aug_images_0/Cardiomegaly1499.png,Cardiomegaly
1293,aug_images_0/Cardiomegaly1500.png,Cardiomegaly
1294,aug_images_0/Cardiomegaly1501.png,Cardiomegaly
1295,aug_images_0/Cardiomegaly1502.png,Cardiomegaly
1296,aug_images_0/Cardiomegaly1503.png,Cardiomegaly
1297,aug_images_0/Cardiomegaly1504.png,Cardiomegaly
1298,aug_images_0/Cardiomegaly1505.png,Cardiomegaly
1299,aug_images_0/Cardi